-- phpMyAdmin SQL Dump
-- version 5.2.1
-- https://www.phpmyadmin.net/
--
-- Host: 127.0.0.1
-- Generation Time: 22 يوليو 2024 الساعة 08:28
-- إصدار الخادم: 10.4.32-MariaDB
-- PHP Version: 8.2.12

SET SQL_MODE = "NO_AUTO_VALUE_ON_ZERO";
START TRANSACTION;
SET time_zone = "+00:00";


/*!40101 SET @OLD_CHARACTER_SET_CLIENT=@@CHARACTER_SET_CLIENT */;
/*!40101 SET @OLD_CHARACTER_SET_RESULTS=@@CHARACTER_SET_RESULTS */;
/*!40101 SET @OLD_COLLATION_CONNECTION=@@COLLATION_CONNECTION */;
/*!40101 SET NAMES utf8mb4 */;

--
-- Database: `struct`
--

-- --------------------------------------------------------

--
-- بنية الجدول `cities`
--

CREATE TABLE `cities` (
  `id` int(5) NOT NULL,
  `name` varchar(50) NOT NULL,
  `region_id` int(5) NOT NULL
) ENGINE=InnoDB DEFAULT CHARSET=utf8 COLLATE=utf8_general_ci;

--
-- إرجاع أو استيراد بيانات الجدول `cities`
--

INSERT INTO `cities` (`id`, `name`, `region_id`) VALUES
(1, 'مدينة الرياض', 1),
(2, 'محافظة الدرعية', 1),
(3, 'محافظة الخرج', 1),
(4, 'محافظة القويعية', 1),
(5, 'محافظة المجمعة', 1),
(6, 'محافظة الغاط', 1),
(7, 'محافظة وادي الدواسر', 1),
(8, 'محافظة الدوادمي ', 1),
(9, 'محافظة الأفلاج', 1),
(10, 'محافظة الرلفي', 1),
(11, 'محافظة شقرا', 1),
(12, 'محافظة الدلم', 1),
(13, 'محافظة عفيف', 1),
(14, 'محافظة السليل', 1),
(15, 'محافظة حوطة بن تميم', 1),
(16, 'محافظة رماح', 1),
(17, 'محافظة ضرما', 1),
(18, 'محافظة المزاحمية', 1),
(19, 'محافظة الرين', 1),
(20, 'محافظة الحريق', 1),
(21, 'محافظة ثادق', 1),
(22, 'محافظة مرات', 1),
(23, 'العاصمة المقدسة ', 2),
(24, 'محافظة جدة', 2),
(25, 'محافظة الطائف', 2),
(26, 'محافظة رابغ', 2),
(27, 'محافظة الكامل', 2),
(28, 'محافظة القنفذة', 2),
(29, 'محافظة العريضات', 2),
(30, 'محافظة تربة', 2),
(31, 'محافظة الليث', 2),
(32, 'محافظة الجموم', 2),
(33, 'محافظة خليص', 2),
(34, 'محافظة أضم', 2),
(35, 'محافظة الخرمة', 2),
(36, 'محافظة رنية', 2),
(37, 'محافظة المويه', 2),
(38, 'محافظة ميسان', 2),
(39, 'محافظة بحرة', 2),
(40, 'المدينة المنورة', 3),
(41, 'محافظة ينبع', 3),
(42, 'محافظة بدر', 3),
(43, 'محافظة العلا', 3),
(44, 'محافظة الحناكية', 3),
(45, 'محافظة خيبر', 3),
(46, 'محافظة مهد الذهب', 3),
(47, 'محافظة العيص', 3),
(48, 'محافظة وادي الفرع', 3),
(49, 'مدينة الدمام', 4),
(50, 'محافظة الأحساء', 4),
(51, 'محافظة الجبيل', 4),
(52, 'محافظة الخبر', 4),
(53, 'محافظة القطيف', 4),
(54, 'محافظة حفر الباطن', 4),
(55, 'محافظة الخفجي', 4),
(56, 'محافظة ابقيق', 4),
(57, 'محافظة النعيرية', 4),
(58, 'محافظة راس تنورة', 4),
(59, 'محافظة قرية العليا', 4),
(60, 'محافظة العديد', 4),
(61, 'مدينة بريدة', 5),
(62, 'محافظة عنيزة', 5),
(63, 'محافظة الرس', 5),
(64, 'محافظة المذنب', 5),
(65, 'محافظة البكيرية', 5),
(66, 'محافظة عيون الجواء', 5),
(67, 'محافظة البدائع', 5),
(68, 'محافظة الأسياح ', 5),
(69, 'محافظة النبهانية', 5),
(70, 'محافظة عقلة الصقور', 5),
(71, 'محافظة ضرية', 5),
(72, 'محافظة رياض الخبراء', 5),
(73, 'محافظة الشماسية', 5),
(74, 'مدينة تبوك', 6),
(75, 'محافظة ضباء', 6),
(76, 'محافظة الوجه', 6),
(77, 'محافظة حقل', 6),
(78, 'محافظة أملج', 6),
(79, 'محافظة تيماء', 6),
(80, 'محافظة البدع', 6),
(81, 'مدينة أبها', 7),
(82, 'محافظة خميس مشيط', 7),
(83, 'محافظة بيشة', 7),
(84, 'محافظة النماص', 7),
(85, 'محافظة أحد رفيدة', 7),
(86, 'محافظة بارق', 7),
(87, 'محافظة البرك', 7),
(88, 'محافظة بلقرن', 7),
(89, 'محافظة تثليث', 7),
(90, 'محافظة تنومة', 7),
(91, 'محافظة رجال ألمع', 7),
(92, 'محافظة الحرجة', 7),
(93, 'محافظة سراة عبيدة', 7),
(94, 'محافظة طريب', 7),
(95, 'محافظة محايل عسير', 7),
(96, 'محافظة المجاردة', 7),
(97, 'محافظة ظهران الجنوب', 7),
(98, 'مدينة عرعر ', 8),
(99, 'محافظة رفحاء', 8),
(100, 'محافظة طريف', 8),
(101, 'محافظة العويقلية', 8),
(102, 'محافظة جديدة عرعر', 8),
(103, 'محافظة شعبة نصاب', 8),
(104, 'مدينة حائل', 9),
(105, 'محافظة يقعاء', 9),
(106, 'محافظة قفار', 9),
(107, 'محافظة الغزالة', 9),
(108, 'محافظة الشنان ', 9),
(109, 'محافظة موقق', 9),
(110, 'محافظة الحائط', 9),
(111, 'محافظة السليمي', 9),
(112, 'محافظة الشملي', 9),
(113, 'محافظة سميراء', 9),
(114, 'محافظة الحليفة', 9),
(115, 'محافظة تربه', 9),
(116, 'محافظة جبة', 9),
(117, 'محافظة وسيطاء الحفن', 9),
(118, 'مدينة نجران', 10),
(119, 'محافظة شرورة', 10),
(120, 'محافظة حبونا', 10),
(121, 'محافظة ثار', 10),
(122, 'محافظة يدمة', 10),
(123, 'محافظة بدر الجنوب', 10),
(124, 'محافظة خباش', 10),
(125, 'مدينة الباحة', 11),
(126, 'محافظة بلجرشي ', 11),
(127, 'محافظة المندق', 11),
(128, 'محافظة المخواة', 11),
(129, 'محافظة قلوة', 11),
(130, 'محافظة العقيق', 11),
(131, 'محافظة القرى', 11),
(132, 'محافظة الحجرة', 11),
(133, 'مدينة جازان', 12),
(134, 'محافظة أبو عريش', 12),
(135, 'محافظة صبيا', 12),
(136, 'محافظة سامطة', 12),
(137, 'محافظة أحد المسارحة', 12),
(138, 'محافظة بيش', 12),
(139, 'محافظة العارضة', 12),
(140, 'محافظة ضمد', 12),
(141, 'محافظة الدرب', 12),
(142, 'محافظة العيدابي', 12),
(143, 'محافظة الدائر', 12),
(144, 'محافظة الريث', 12),
(145, 'محافظة الحرث', 12),
(146, 'محافظة فرسان', 12),
(147, 'محافظة الطوال', 12),
(148, 'محافظة فيفا', 12),
(149, 'محافظة هروب', 12),
(150, 'مدينة سكاكا', 13),
(151, 'محافظة القريات', 13),
(152, 'محافظة دومة الجندل', 13),
(153, 'محافظة طبرجل', 13);

-- --------------------------------------------------------

--
-- بنية الجدول `positions`
--

CREATE TABLE `positions` (
  `id` int(5) NOT NULL,
  `name` varchar(25) NOT NULL
) ENGINE=InnoDB DEFAULT CHARSET=utf8mb4 COLLATE=utf8mb4_general_ci;

--
-- إرجاع أو استيراد بيانات الجدول `positions`
--

INSERT INTO `positions` (`id`, `name`) VALUES
(1, 'رئيس منطقة'),
(2, 'رئيس محافظة'),
(3, 'عضو الفريق');

-- --------------------------------------------------------

--
-- بنية الجدول `regions`
--

CREATE TABLE `regions` (
  `id` int(5) NOT NULL,
  `name` varchar(50) NOT NULL
) ENGINE=InnoDB DEFAULT CHARSET=utf8mb4 COLLATE=utf8mb4_general_ci;

--
-- إرجاع أو استيراد بيانات الجدول `regions`
--

INSERT INTO `regions` (`id`, `name`) VALUES
(1, 'منطقة الرياض'),
(2, 'منطقة مكة المكرمة'),
(3, 'منطقة المدينة المنورة'),
(4, 'المنطقة الشرقية'),
(5, 'منطقة القصيم'),
(6, 'منطقة تبوك'),
(7, 'منطقة عسير'),
(8, 'منطقة الحدود الشمالية'),
(9, 'منطقة حائل'),
(10, 'منطقة نجران'),
(11, 'منطقة الباحة'),
(12, 'منطقة جازان'),
(13, 'منطقة الجوف');

-- --------------------------------------------------------

--
-- بنية الجدول `users`
--

CREATE TABLE `users` (
  `id` int(20) NOT NULL,
  `name` varchar(50) NOT NULL,
  `position_id` int(5) NOT NULL,
  `city_id` int(5) NOT NULL
) ENGINE=InnoDB DEFAULT CHARSET=utf8mb4 COLLATE=utf8mb4_general_ci;

--
-- إرجاع أو استيراد بيانات الجدول `users`
--

INSERT INTO `users` (`id`, `name`, `position_id`, `city_id`) VALUES
(1, 'حسن', 1, 1),
(2, 'unknown', 1, 23),
(3, 'noname', 2, 19),
(4, 'بدون اسم', 3, 16);

--
-- Indexes for dumped tables
--

--
-- Indexes for table `cities`
--
ALTER TABLE `cities`
  ADD PRIMARY KEY (`id`),
  ADD KEY `region_city` (`region_id`);

--
-- Indexes for table `positions`
--
ALTER TABLE `positions`
  ADD PRIMARY KEY (`id`);

--
-- Indexes for table `regions`
--
ALTER TABLE `regions`
  ADD PRIMARY KEY (`id`);

--
-- Indexes for table `users`
--
ALTER TABLE `users`
  ADD PRIMARY KEY (`id`),
  ADD KEY `position_user` (`position_id`),
  ADD KEY `city_user` (`city_id`);

--
-- AUTO_INCREMENT for dumped tables
--

--
-- AUTO_INCREMENT for table `cities`
--
ALTER TABLE `cities`
  MODIFY `id` int(5) NOT NULL AUTO_INCREMENT, AUTO_INCREMENT=154;

--
-- AUTO_INCREMENT for table `positions`
--
ALTER TABLE `positions`
  MODIFY `id` int(5) NOT NULL AUTO_INCREMENT, AUTO_INCREMENT=4;

--
-- AUTO_INCREMENT for table `regions`
--
ALTER TABLE `regions`
  MODIFY `id` int(5) NOT NULL AUTO_INCREMENT, AUTO_INCREMENT=14;

--
-- AUTO_INCREMENT for table `users`
--
ALTER TABLE `users`
  MODIFY `id` int(20) NOT NULL AUTO_INCREMENT, AUTO_INCREMENT=5;

--
-- قيود الجداول المُلقاة.
--

--
-- قيود الجداول `cities`
--
ALTER TABLE `cities`
  ADD CONSTRAINT `region_city` FOREIGN KEY (`region_id`) REFERENCES `regions` (`id`);

--
-- قيود الجداول `users`
--
ALTER TABLE `users`
  ADD CONSTRAINT `city_user` FOREIGN KEY (`city_id`) REFERENCES `cities` (`id`),
  ADD CONSTRAINT `position_user` FOREIGN KEY (`position_id`) REFERENCES `positions` (`id`);
COMMIT;

/*!40101 SET CHARACTER_SET_CLIENT=@OLD_CHARACTER_SET_CLIENT */;
/*!40101 SET CHARACTER_SET_RESULTS=@OLD_CHARACTER_SET_RESULTS */;
/*!40101 SET COLLATION_CONNECTION=@OLD_COLLATION_CONNECTION */;
